Name,Purchase Rate,Transfer Info,Annual Fee,Credit Level,Description
Platinum Mastercard,25.99% variable APR,25.99% variable APR; No Transfer Fee with this Transfer APR,$0,Fair,Get the credit you need with no annual fee
Venture X Rewards,16.99% - 23.99% variable APR,16.99% - 23.99% variable APR; No Transfer Fee with this Transfer APR,$395,Excellent,"Earn unlimited 10X miles on hotels and rental cars booked through Capital One Travel and 5X miles on flights booked through Capital One Travel, plus unlimited 2X miles on all other purchases

Earn 100,000 bonus miles once you spend $10,000 on purchases within the first 6 months from account opening"
Venture Rewards,15.99% - 23.99% variable APR,15.99% - 23.99% variable APR; No Transfer Fee with this Transfer APR,$95,Excellent,"Earn unlimited 2 miles per dollar on every purchase, plus 5 miles per dollar on hotels and rental cars booked through Capital One Travel"
VentureOne Rewards,0% intro APR for 18 months; 14.99% - 24.99% variable APR after that,0% intro APR for 18 months; 14.99% - 24.99% variable APR after that; 3% fee on the amounts transferred within the first 18 months,$0,Excellent,"Earn unlimited 1.25 miles per dollar on every purchase, plus 5 miles per dollar on hotels and rental cars booked through Capital One Travel"
VentureOne Rewards for Good Credit,26.99% variable APR,26.99% variable APR; No Transfer Fee with this Transfer APR,$0,Good,"Earn unlimited 1.25 miles per dollar on every purchase, every day

You’ll earn the usual VentureOne travel rewards, but won’t be eligible for bonus miles or 0% intro APR"
Quicksilver Rewards,0% intro APR for 15 months; 14.99% - 24.99% variable APR after that,0% intro APR for 15 months; 14.99% - 24.99% variable APR after that; 3% fee on the amounts transferred within the first 15 months,$0,Excellent,"Earn unlimited 1.5% cash back on every purchase, every day

Earn a one-time $200 cash bonus once you spend $500 on purchases within 3 months from account opening"
Quicksilver Rewards for Good Credit,26.99% variable APR,26.99% variable APR; No Transfer Fee with this Transfer APR,$0,Good,"Earn unlimited 1.5% cash back on every purchase, every day

You’ll earn the usual Quicksilver rewards, but won’t be eligible for bonus cash or 0% intro APR"
Savor Rewards,15.99% - 23.99% variable APR,15.99% - 23.99% variable APR; No Transfer Fee with this Transfer APR,$95,Excellent,"Earn unlimited 4% cash back on dining, entertainment, and popular streaming services, 3% at grocery stores and 1% on all other purchases. 1

Earn a one-time $300 cash bonus once you spend $3,000 on purchases within 3 months from account opening"
SavorOne Rewards,0% intro APR for 15 months; 14.99% - 24.99% variable APR after that,0% intro APR for 15 months; 14.99% - 24.99% variable APR after that; 3% fee on the amounts transferred within the first 15 months,$0,Excellent,"Earn unlimited 3% cash back on dining, entertainment, popular streaming services and at grocery stores, plus 1% on all other purchases.

Earn a one-time $200 cash bonus once you spend $500 on purchases within the first 3 months from account opening"
SavorOne Rewards for Good Credit,26.99% variable APR,26.99% variable APR; No Transfer Fee with this Transfer APR,$0,Good,"Earn unlimited 3% cash back on dining, entertainment, popular streaming services and at grocery stores, plus 1% on all other purchases. 1

You’ll earn the usual SavorOne rewards, but won’t be eligible for bonus cash or 0% intro APR"
QuicksilverOne Rewards,25.99% variable APR,25.99% variable APR; No Transfer Fee with this Transfer APR,$39,Fair,"Earn unlimited 1.5% cash back on every purchase, every day"
SavorOne Rewards for Students,25.99% variable APR,25.99% variable APR; No Transfer Fee with this Transfer APR,$0,Fair,"Earn unlimited 3% cash back on dining, entertainment, popular streaming services and at grocery stores, plus 1% on all other purchases. 1

Whether you’re at a 4-year university, community college or other higher education institution, this card might be an option for you."
Quicksilver Rewards for Students,25.99% variable APR,25.99% variable APR; No Transfer Fee with this Transfer APR,$0,Fair,"Earn unlimited 1.5% cash back on every purchase, every day.

Whether you’re at a 4-year university, community college or other higher education institution, this card might be an option for you."
Journey Student Rewards,25.99% variable APR,25.99% variable APR; No Transfer Fee with this Transfer APR,$0,Fair,Earn 1% cash back on all your purchases. Pay on time to boost your cash back to a total of 1.25% for that month.
Quicksilver Secured Rewards,26.99% variable APR,26.99% variable APR; No Transfer Fee with this Transfer APR,$0,Fair,Earn 1.5% cash back on every purchase with a refundable $200 minimum deposit.
Platinum Secured,25.99% variable APR,25.99% variable APR; No Transfer Fee with this Transfer APR,$0,Rebuilding,"Refundable deposit of $49, $99 or $200 gets you a $200 initial credit line. Be automatically considered for a higher credit line in as little as 6 months."